<?xml version="1.0" encoding="UTF-8"?>
<metadata xml:lang="en"><Esri><CreaDate>20210113</CreaDate><CreaTime>12133100</CreaTime><ArcGISFormat>1.0</ArcGISFormat><SyncOnce>TRUE</SyncOnce><DataProperties><lineage><Process ToolSource="c:\program files\arcgis\pro\Resources\ArcToolbox\toolboxes\Spatial Analyst Tools.tbx\ExtractByMask" Date="20200810" Time="103709">ExtractByMask NLCD_landcover_2016.img "Town Boundaries" D:\NRS_410\Data\NLCD_2016.img</Process><Process ToolSource="c:\program files\arcgis\pro\Resources\ArcToolbox\Toolboxes\Data Management Tools.tbx\Copy" Date="20210113" Time="121331">Copy D:\NRS_410\Data\NLCD_2016.img F:\Classes\NRS_522_2021\Modules\Forest_fragmentation\Data\NLCD_2016_1.img "Raster Dataset" #</Process><Process ToolSource="c:\program files\arcgis\pro\Resources\ArcToolbox\Toolboxes\Data Management Tools.tbx\Rename" Date="20210113" Time="121355">Rename F:\Classes\NRS_522_2021\Modules\Forest_fragmentation\Data\NLCD_2016_1.img F:\Classes\NRS_522_2021\Modules\Forest_fragmentation\Data\NLCD_2016.img RasterDataset</Process></lineage><itemProps><itemLocation><linkage Sync="TRUE">file://\\JPGIS\F$\Classes\NRS_522_2021\Modules\Forest_fragmentation\Data\NLCD_2016_1.img</linkage><protocol Sync="TRUE">Local Area Network</protocol></itemLocation></itemProps><copyHistory><copy source="D:\NRS_410\Data\NLCD_2016.img" dest="\\JPGIS\F$\Classes\NRS_522_2021\Modules\Forest_fragmentation\Data\NLCD_2016_1.img" date="20210113" time="12133100"></copy></copyHistory></DataProperties></Esri></metadata>
