<?xml version="1.0" encoding="UTF-8"?>
<metadata xml:lang="en"><Esri><CreaDate>20220326</CreaDate><CreaTime>10060500</CreaTime><ArcGISFormat>1.0</ArcGISFormat><SyncOnce>TRUE</SyncOnce><DataProperties><lineage><Process ToolSource="c:\program files\arcgis\pro\Resources\ArcToolbox\toolboxes\Data Management Tools.tbx\CreateFishnet" Date="20220326" Time="100605">CreateFishnet C:\ShanaghanNRS528\Challenge_5\Species_fishnet.shp "-178.6399 30.11385" "-178.6399 31.11385" 0.5 0.5 # # "-69.981779 59.5445" NO_LABELS # Polygon</Process></lineage></DataProperties></Esri></metadata>
