<?xml version="1.0" encoding="UTF-8"?><metadata>
    <idinfo>
        <citation>
            <citeinfo>
                <origin/>
                <origin/>
                <pubdate>19950301</pubdate>
                <title>CULT_Historic_Sites</title>
                <geoform>vector digital data</geoform>
                <pubinfo>
                    <pubplace/>
                    <publish>RIGIS</publish>
                </pubinfo>
                <othercit>Suggested bibliographic reference: RIGIS, 1995. Historic Sites of Rhode Island; s44chs99. Rhode Island Geographic Information System (RIGIS) Data Distribution System, URL: http://www.rigis.org, Environmental Data Center, University of Rhode Island, Kingston, Rhode Island (last date accessed: 9 October 2014).</othercit>
                <onlink>http://www.rigis.org</onlink>
                <onlink>http://data.rigis.org/cult/histpnts.zip</onlink>
                <lworkcit>
                    <citeinfo>
                        <pubdate>19950101</pubdate>
                        <title>RIGIS Database</title>
                    </citeinfo>
                </lworkcit>
            </citeinfo>
        </citation>
        <descript>
            <abstract>Historic site point building property or monument listed on the National Register of Historic Places by the RI Historic Preservation &amp;amp; Heritage Commission</abstract>
            <purpose>These data represent approximate locations of historic site point (building, property or monument).</purpose>
        </descript>
        <timeperd>
            <timeinfo>
                <sngdate>
                    <caldate>19950101</caldate>
                </sngdate>
            </timeinfo>
            <current>publication date</current>
        </timeperd>
        <status>
            <progress>Complete</progress>
            <update>None planned</update>
        </status>
        <spdom>
            <bounding>
                <westbc>-180</westbc>
                <eastbc>180</eastbc>
                <northbc>90</northbc>
                <southbc>-90</southbc>
            </bounding>
        </spdom>
        <keywords>
            <theme>
                <themekt>None</themekt>
                <themekey>historic site</themekey>
                <themekey>building</themekey>
                <themekey>property</themekey>
                <themekey>point</themekey>
                <themekey>monument</themekey>
            </theme>
            <theme>
                <themekt>ISO 19115 Topic Category</themekt>
                <themekey>society</themekey>
            </theme>
            <place>
                <placekt>GNIS</placekt>
                <placekey>United States</placekey>
                <placekey>Rhode Island</placekey>
                <placekey>New England</placekey>
                <placekey>northeast</placekey>
            </place>
        </keywords>
        <accconst>None</accconst>
        <useconst>This dataset is provided 'as is.’ The producer(s) of this dataset, contributors to this dataset, the Rhode Island Geographic Information System (RIGIS) consortium, the State of Rhode Island, and the University of Rhode Island do not make any warranties of any kind for this dataset, and are not liable for any loss or damage however and whenever caused by any use of this dataset. Please acknowledge both RIGIS and the primary producer(s) of this dataset in any derived products. Versions of the RIGIS logo suitable for both printed and web-based products are available at http://www.rigis.org/logos.</useconst>
        <ptcontac>
            <cntinfo>
                <cntorgp>
                    <cntorg>RI Dept of Administration-Statewide Planning</cntorg>
                    <cntper>n/a</cntper>
                </cntorgp>
                <cntpos>RIGIS Coordinator</cntpos>
                <cntaddr>
                    <addrtype>mailing and physical</addrtype>
                    <address>1 Capitol Hill - Planning</address>
                    <city>Providence</city>
                    <state>RI</state>
                    <postal>02908-5872</postal>
                </cntaddr>
                <cntvoice>401-22-6483</cntvoice>
                <cntfax>401-222-6482</cntfax>
                <cntemail>rigis@admin.ri.gov</cntemail>
                <hours>8-4 EST M-F</hours>
                <cntinst>Email Preferred</cntinst>
            </cntinfo>
        </ptcontac>
        <datacred>URI EDC, RIGIS; RI Historic Preservation and Heritage Commission. Icon Credit: Creative Stall via The Noun Project</datacred>
        <native>Microsoft Windows 7 Version 6.1 (Build 7601) Service Pack 1; Esri ArcGIS 10.4.1.5686</native>
    </idinfo>
    <dataqual>
        <attracc>
            <attraccr>RIGIS standards 99 percent; visual inspection of attribute lists</attraccr>
        </attracc>
        <logic>visual inspection of attribute lists; visual inspection of proof maps</logic>
        <complete>RIGIS standards rms-005 fuzzy-002; topologically complete arc-info point coverage</complete>
        <posacc>
            <horizpa>
                <horizpar>plus or minus 200 feet; visual inspection of proof maps</horizpar>
            </horizpa>
        </posacc>
        <lineage>
            <srcinfo>
                <srccite>
                    <citeinfo>
                        <pubdate>19950201</pubdate>
                        <title>national register of historic places</title>
                    </citeinfo>
                </srccite>
                <srcscale>24000</srcscale>
                <typesrc>hardcopyPaper</typesrc>
                <srctime>
                    <timeinfo>
                        <sngdate>
                            <caldate>19950101</caldate>
                        </sngdate>
                    </timeinfo>
                    <srccurr>publication date</srccurr>
                </srctime>
                <srccitea>national register of historic places</srccitea>
                <srccontr>Provided Data</srccontr>
            </srcinfo>
            <procstep>
                <procdesc>Points located on paper maps by rihpc-ridoa-dop were transferred to Mylar quads-1989 dig from tablets-1995 update on-screen digitizing</procdesc>
                <procdate>19950201</procdate>
            </procstep>
            <procstep>
                <procdesc>Updated Point of Contact information for this dataset from "RIGIS Coordinator" to "Shane White."</procdesc>
                <procdate>20150528</procdate>
                <proccont>
                    <cntinfo>
                        <cntorgp>
                            <cntorg>University of Rhode Island Environmental Data Center</cntorg>
                            <cntper>Erica Tefft</cntper>
                        </cntorgp>
                        <cntpos>Research Associate</cntpos>
                        <cntaddr>
                            <addrtype>mailing and physical</addrtype>
                            <address>1 Greenhouse Road</address>
                            <address>Coastal Institute</address>
                            <city>Kingston</city>
                            <state>RI</state>
                            <postal>02881</postal>
                        </cntaddr>
                        <cntvoice>401-874-5054</cntvoice>
                        <cntemail>erica@edc.uri.edu</cntemail>
                    </cntinfo>
                </proccont>
            </procstep>
        </lineage>
    </dataqual>
    <spdoinfo>
        <direct>Vector</direct>
        <ptvctinf>
            <sdtsterm>
                <sdtstype>Entity point</sdtstype>
                <ptvctcnt>381</ptvctcnt>
            </sdtsterm>
        </ptvctinf>
    </spdoinfo>
    <eainfo>
        <detailed>
            <enttyp>
                <enttypl>CULT_Historic_Sites</enttypl>
            </enttyp>
            <attr>
                <attrlabl>TOWN</attrlabl>
                <attrdef>town in which point located</attrdef>
                <attrdefs>ri historic preservation comm</attrdefs>
                <attrdomv>
                    					
                    <udom>Free text field.</udom>
                    				
                </attrdomv>
            </attr>
            <attr>
                <attrlabl>Shape</attrlabl>
                <attrdef>Feature geometry.</attrdef>
                <attrdefs>ESRI</attrdefs>
                <attrdomv>
                    					
                    <udom>Coordinates defining the features.</udom>
                    				
                </attrdomv>
            </attr>
            <attr>
                <attrlabl>CODE</attrlabl>
                <attrdef>first 2-town osp code last 3-seqential number</attrdef>
                <attrdefs>ri historic preservation comm</attrdefs>
                <attrdomv>
                    					
                    <rdom>
                        						
                        <rdommin>1003</rdommin>
                        						
                        <rdommax>39030</rdommax>
                        					
                    </rdom>
                    				
                </attrdomv>
            </attr>
            <attr>
                <attrlabl>NAME</attrlabl>
                <attrdef>official name as shown on national register</attrdef>
                <attrdefs>ri historic preservation comm</attrdefs>
                <attrdomv>
                    					
                    <udom>Free text field.</udom>
                    				
                </attrdomv>
            </attr>
            <attr>
                <attrlabl>OBJECTID</attrlabl>
                <attrdef>Internal feature number.</attrdef>
                <attrdefs>ESRI</attrdefs>
                <attrdomv>
                    					
                    <udom>Sequential unique whole numbers that are automatically generated.</udom>
                    				
                </attrdomv>
            </attr>
        </detailed>
    </eainfo>
    <distinfo>
        <distrib>
            <cntinfo>
                <cntorgp>
                    <cntorg>University of Rhode Island Environmental Data Center</cntorg>
                    <cntper>Erica Tefft</cntper>
                </cntorgp>
                <cntaddr>
                    <addrtype>mailing and physical</addrtype>
                    <address>1 Greenhouse Road</address>
                    <city>Kingston</city>
                    <state>RI</state>
                    <postal>02881</postal>
                </cntaddr>
                <cntvoice>401-874-5054</cntvoice>
                <cntemail>erica@edc.uri.edu</cntemail>
                <cntinst>email preferred</cntinst>
            </cntinfo>
        </distrib>
        <distliab>This dataset is provided 'as is.' The producer(s) of this dataset, contributors to this dataset, the Rhode Island Geographic Information System (RIGIS) consortium, the State of Rhode Island, and the University of Rhode Island do not make any warranties of any kind for this dataset, and are not liable for any loss or damage however and whenever caused by any use of this dataset.</distliab>
        <stdorder>
            <digform>
                <digtinfo>
                    <formname>Esri shapefile</formname>
                    <filedec>ZIP</filedec>
                </digtinfo>
                <digtopt>
                    <onlinopt>
                        <computer>
                            <networka>
                                <networkr>http://www.rigis.org</networkr>
                            </networka>
                        </computer>
                    </onlinopt>
                </digtopt>
            </digform>
            <fees>No fee for downloading directly from the RIGIS Data Distribution System located at http://www.rigis.org.</fees>
        </stdorder>
    </distinfo>
    <metainfo>
        <metd>20161115</metd>
        <metc>
            <cntinfo>
                <cntorgp>
                    <cntorg>RI Department of Administration; Division of Information Technology</cntorg>
                </cntorgp>
                <cntpos>RIGIS Coordinator</cntpos>
                <cntaddr>
                    <addrtype>mailing</addrtype>
                    <address>1 Capitol Hill</address>
                    <city>Providence</city>
                    <state>Rhode Island</state>
                    <postal>02908</postal>
                    <country>US</country>
                </cntaddr>
                <cntvoice>401-222-6483</cntvoice>
                <cntfax>401-222-6482</cntfax>
                <cntemail>rigis@admin.ri.gov</cntemail>
                <hours>8:00 - 3:30</hours>
                <cntinst>E-mail preferred</cntinst>
            </cntinfo>
        </metc>
        <metstdn>FGDC Content Standard for Digital Geospatial Metadata</metstdn>
        <metstdv>FGDC-STD-001-1998</metstdv>
        <mettc>local time</mettc>
    </metainfo>
</metadata>
